user_input,output,flag,username,timestamp
I'm depressed. How can I get out of this feeling?,"I'm sorry to hear that you're feeling depressed. There are many things you can try to help alleviate your symptoms of depression.

First, it's important to seek professional help from a mental health expert. They can guide you in developing a treatment plan that might include therapy, medication, or a combination of both.

In addition to seeking professional help, there are some things you can do on your own to help improve your mood and reduce feelings of depression. These might include:

1. Getting regular exercise: Exercise has been shown to reduce symptoms of depression and anxiety.

2. Practicing healthy habits: Eating a well-balanced diet and getting enough sleep can help improve your mood and energy levels.

3. Engaging in activities you enjoy: Doing things you find enjoyable and fulfilling can help you feel better about yourself and your situation.

4. Connecting with others: Social support is important for mental health. Reach out to friends and family, or consider joining a support group.

5. Focusing on positive thoughts: Try to focus on positive thoughts and things you're grateful for, rather than dwelling on negative thoughts.

Remember that it may take time to see improvements, but don't give up hope! With the right tools and support, many people are able to overcome depression and lead fulfilling lives.",,,2023-05-27 17:07:46.636593
